j,i,value
0,0,1
1,0,0.5
1,1,1
2,0,0.5
2,1,0.5
2,2,1
3,0,0.5
3,1,0.5
3,2,0.5
3,3,1
4,0,0.5
4,1,0.5
4,2,0.5
4,3,0.5
4,4,1
5,0,0.5
5,1,0.5
5,2,0.5
5,3,0.5
5,4,0.5
5,5,1
6,0,0.5
6,1,0.5
6,2,0.5
6,3,0.5
6,4,0.5
6,5,0.5
6,6,1
7,0,0.5
7,1,0.5
7,2,0.5
7,3,0.5
7,4,0.5
7,5,0.5
7,6,0.5
7,7,1
8,0,0.5
8,1,0.5
8,2,0.5
8,3,0.5
8,4,0.5
8,5,0.5
8,6,0.5
8,7,0.5
8,8,1
9,0,0.5
9,1,0.5
9,2,0.5
9,3,0.5
9,4,0.5
9,5,0.5
9,6,0.5
9,7,0.5
9,8,0.5
9,9,1
10,10,1
11,10,0.5
11,11,1
12,10,0.5
12,11,0.5
12,12,1
13,10,0.5
13,11,0.5
13,12,0.5
13,13,1
14,10,0.5
14,11,0.5
14,12,0.5
14,13,0.5
14,14,1
15,10,0.5
15,11,0.5
15,12,0.5
15,13,0.5
15,14,0.5
15,15,1
16,10,0.5
16,11,0.5
16,12,0.5
16,13,0.5
16,14,0.5
16,15,0.5
16,16,1
17,10,0.5
17,11,0.5
17,12,0.5
17,13,0.5
17,14,0.5
17,15,0.5
17,16,0.5
17,17,1
18,10,0.5
18,11,0.5
18,12,0.5
18,13,0.5
18,14,0.5
18,15,0.5
18,16,0.5
18,17,0.5
18,18,1
19,10,0.5
19,11,0.5
19,12,0.5
19,13,0.5
19,14,0.5
19,15,0.5
19,16,0.5
19,17,0.5
19,18,0.5
19,19,1
20,20,1
21,20,0.5
21,21,1
22,20,0.5
22,21,0.5
22,22,1
23,20,0.5
23,21,0.5
23,22,0.5
23,23,1
24,20,0.5
24,21,0.5
24,22,0.5
24,23,0.5
24,24,1
25,20,0.5
25,21,0.5
25,22,0.5
25,23,0.5
25,24,0.5
25,25,1
26,20,0.5
26,21,0.5
26,22,0.5
26,23,0.5
26,24,0.5
26,25,0.5
26,26,1
27,20,0.5
27,21,0.5
27,22,0.5
27,23,0.5
27,24,0.5
27,25,0.5
27,26,0.5
27,27,1
28,20,0.5
28,21,0.5
28,22,0.5
28,23,0.5
28,24,0.5
28,25,0.5
28,26,0.5
28,27,0.5
28,28,1
29,20,0.5
29,21,0.5
29,22,0.5
29,23,0.5
29,24,0.5
29,25,0.5
29,26,0.5
29,27,0.5
29,28,0.5
29,29,1
30,30,1
31,30,0.5
31,31,1
32,30,0.5
32,31,0.5
32,32,1
33,30,0.5
33,31,0.5
33,32,0.5
33,33,1
34,30,0.5
34,31,0.5
34,32,0.5
34,33,0.5
34,34,1
35,30,0.5
35,31,0.5
35,32,0.5
35,33,0.5
35,34,0.5
35,35,1
36,30,0.5
36,31,0.5
36,32,0.5
36,33,0.5
36,34,0.5
36,35,0.5
36,36,1
37,30,0.5
37,31,0.5
37,32,0.5
37,33,0.5
37,34,0.5
37,35,0.5
37,36,0.5
37,37,1
38,30,0.5
38,31,0.5
38,32,0.5
38,33,0.5
38,34,0.5
38,35,0.5
38,36,0.5
38,37,0.5
38,38,1
39,30,0.5
39,31,0.5
39,32,0.5
39,33,0.5
39,34,0.5
39,35,0.5
39,36,0.5
39,37,0.5
39,38,0.5
39,39,1
40,40,1
41,40,0.5
41,41,1
42,40,0.5
42,41,0.5
42,42,1
43,40,0.5
43,41,0.5
43,42,0.5
43,43,1
44,40,0.5
44,41,0.5
44,42,0.5
44,43,0.5
44,44,1
45,40,0.5
45,41,0.5
45,42,0.5
45,43,0.5
45,44,0.5
45,45,1
46,40,0.5
46,41,0.5
46,42,0.5
46,43,0.5
46,44,0.5
46,45,0.5
46,46,1
47,40,0.5
47,41,0.5
47,42,0.5
47,43,0.5
47,44,0.5
47,45,0.5
47,46,0.5
47,47,1
48,40,0.5
48,41,0.5
48,42,0.5
48,43,0.5
48,44,0.5
48,45,0.5
48,46,0.5
48,47,0.5
48,48,1
49,40,0.5
49,41,0.5
49,42,0.5
49,43,0.5
49,44,0.5
49,45,0.5
49,46,0.5
49,47,0.5
49,48,0.5
49,49,1
50,50,1
51,50,0.5
51,51,1
52,50,0.5
52,51,0.5
52,52,1
53,50,0.5
53,51,0.5
53,52,0.5
53,53,1
54,50,0.5
54,51,0.5
54,52,0.5
54,53,0.5
54,54,1
55,50,0.5
55,51,0.5
55,52,0.5
55,53,0.5
55,54,0.5
55,55,1
56,50,0.5
56,51,0.5
56,52,0.5
56,53,0.5
56,54,0.5
56,55,0.5
56,56,1
57,50,0.5
57,51,0.5
57,52,0.5
57,53,0.5
57,54,0.5
57,55,0.5
57,56,0.5
57,57,1
58,50,0.5
58,51,0.5
58,52,0.5
58,53,0.5
58,54,0.5
58,55,0.5
58,56,0.5
58,57,0.5
58,58,1
59,50,0.5
59,51,0.5
59,52,0.5
59,53,0.5
59,54,0.5
59,55,0.5
59,56,0.5
59,57,0.5
59,58,0.5
59,59,1
60,60,1
61,60,0.5
61,61,1
62,60,0.5
62,61,0.5
62,62,1
63,60,0.5
63,61,0.5
63,62,0.5
63,63,1
64,60,0.5
64,61,0.5
64,62,0.5
64,63,0.5
64,64,1
65,60,0.5
65,61,0.5
65,62,0.5
65,63,0.5
65,64,0.5
65,65,1
66,60,0.5
66,61,0.5
66,62,0.5
66,63,0.5
66,64,0.5
66,65,0.5
66,66,1
67,60,0.5
67,61,0.5
67,62,0.5
67,63,0.5
67,64,0.5
67,65,0.5
67,66,0.5
67,67,1
68,60,0.5
68,61,0.5
68,62,0.5
68,63,0.5
68,64,0.5
68,65,0.5
68,66,0.5
68,67,0.5
68,68,1
69,60,0.5
69,61,0.5
69,62,0.5
69,63,0.5
69,64,0.5
69,65,0.5
69,66,0.5
69,67,0.5
69,68,0.5
69,69,1
70,70,1
71,70,0.5
71,71,1
72,70,0.5
72,71,0.5
72,72,1
73,70,0.5
73,71,0.5
73,72,0.5
73,73,1
74,70,0.5
74,71,0.5
74,72,0.5
74,73,0.5
74,74,1
75,70,0.5
75,71,0.5
75,72,0.5
75,73,0.5
75,74,0.5
75,75,1
76,70,0.5
76,71,0.5
76,72,0.5
76,73,0.5
76,74,0.5
76,75,0.5
76,76,1
77,70,0.5
77,71,0.5
77,72,0.5
77,73,0.5
77,74,0.5
77,75,0.5
77,76,0.5
77,77,1
78,70,0.5
78,71,0.5
78,72,0.5
78,73,0.5
78,74,0.5
78,75,0.5
78,76,0.5
78,77,0.5
78,78,1
79,70,0.5
79,71,0.5
79,72,0.5
79,73,0.5
79,74,0.5
79,75,0.5
79,76,0.5
79,77,0.5
79,78,0.5
79,79,1
80,80,1
81,80,0.5
81,81,1
82,80,0.5
82,81,0.5
82,82,1
83,80,0.5
83,81,0.5
83,82,0.5
83,83,1
84,80,0.5
84,81,0.5
84,82,0.5
84,83,0.5
84,84,1
85,80,0.5
85,81,0.5
85,82,0.5
85,83,0.5
85,84,0.5
85,85,1
86,80,0.5
86,81,0.5
86,82,0.5
86,83,0.5
86,84,0.5
86,85,0.5
86,86,1
87,80,0.5
87,81,0.5
87,82,0.5
87,83,0.5
87,84,0.5
87,85,0.5
87,86,0.5
87,87,1
88,80,0.5
88,81,0.5
88,82,0.5
88,83,0.5
88,84,0.5
88,85,0.5
88,86,0.5
88,87,0.5
88,88,1
89,80,0.5
89,81,0.5
89,82,0.5
89,83,0.5
89,84,0.5
89,85,0.5
89,86,0.5
89,87,0.5
89,88,0.5
89,89,1
90,90,1
91,90,0.5
91,91,1
92,90,0.5
92,91,0.5
92,92,1
93,90,0.5
93,91,0.5
93,92,0.5
93,93,1
94,90,0.5
94,91,0.5
94,92,0.5
94,93,0.5
94,94,1
95,90,0.5
95,91,0.5
95,92,0.5
95,93,0.5
95,94,0.5
95,95,1
96,90,0.5
96,91,0.5
96,92,0.5
96,93,0.5
96,94,0.5
96,95,0.5
96,96,1
97,90,0.5
97,91,0.5
97,92,0.5
97,93,0.5
97,94,0.5
97,95,0.5
97,96,0.5
97,97,1
98,90,0.5
98,91,0.5
98,92,0.5
98,93,0.5
98,94,0.5
98,95,0.5
98,96,0.5
98,97,0.5
98,98,1
99,90,0.5
99,91,0.5
99,92,0.5
99,93,0.5
99,94,0.5
99,95,0.5
99,96,0.5
99,97,0.5
99,98,0.5
99,99,1
100,100,1
101,100,0.5
101,101,1
102,100,0.5
102,101,0.5
102,102,1
103,100,0.5
103,101,0.5
103,102,0.5
103,103,1
104,100,0.5
104,101,0.5
104,102,0.5
104,103,0.5
104,104,1
105,100,0.5
105,101,0.5
105,102,0.5
105,103,0.5
105,104,0.5
105,105,1
106,100,0.5
106,101,0.5
106,102,0.5
106,103,0.5
106,104,0.5
106,105,0.5
106,106,1
107,100,0.5
107,101,0.5
107,102,0.5
107,103,0.5
107,104,0.5
107,105,0.5
107,106,0.5
107,107,1
108,100,0.5
108,101,0.5
108,102,0.5
108,103,0.5
108,104,0.5
108,105,0.5
108,106,0.5
108,107,0.5
108,108,1
109,100,0.5
109,101,0.5
109,102,0.5
109,103,0.5
109,104,0.5
109,105,0.5
109,106,0.5
109,107,0.5
109,108,0.5
109,109,1
110,110,1
111,110,0.5
111,111,1
112,110,0.5
112,111,0.5
112,112,1
113,110,0.5
113,111,0.5
113,112,0.5
113,113,1
114,110,0.5
114,111,0.5
114,112,0.5
114,113,0.5
114,114,1
115,110,0.5
115,111,0.5
115,112,0.5
115,113,0.5
115,114,0.5
115,115,1
116,110,0.5
116,111,0.5
116,112,0.5
116,113,0.5
116,114,0.5
116,115,0.5
116,116,1
117,110,0.5
117,111,0.5
117,112,0.5
117,113,0.5
117,114,0.5
117,115,0.5
117,116,0.5
117,117,1
118,110,0.5
118,111,0.5
118,112,0.5
118,113,0.5
118,114,0.5
118,115,0.5
118,116,0.5
118,117,0.5
118,118,1
119,110,0.5
119,111,0.5
119,112,0.5
119,113,0.5
119,114,0.5
119,115,0.5
119,116,0.5
119,117,0.5
119,118,0.5
119,119,1
120,120,1
121,120,0.5
121,121,1
122,120,0.5
122,121,0.5
122,122,1
123,120,0.5
123,121,0.5
123,122,0.5
123,123,1
124,120,0.5
124,121,0.5
124,122,0.5
124,123,0.5
124,124,1
125,120,0.5
125,121,0.5
125,122,0.5
125,123,0.5
125,124,0.5
125,125,1
126,120,0.5
126,121,0.5
126,122,0.5
126,123,0.5
126,124,0.5
126,125,0.5
126,126,1
127,120,0.5
127,121,0.5
127,122,0.5
127,123,0.5
127,124,0.5
127,125,0.5
127,126,0.5
127,127,1
128,120,0.5
128,121,0.5
128,122,0.5
128,123,0.5
128,124,0.5
128,125,0.5
128,126,0.5
128,127,0.5
128,128,1
129,120,0.5
129,121,0.5
129,122,0.5
129,123,0.5
129,124,0.5
129,125,0.5
129,126,0.5
129,127,0.5
129,128,0.5
129,129,1
130,130,1
131,130,0.5
131,131,1
132,130,0.5
132,131,0.5
132,132,1
133,130,0.5
133,131,0.5
133,132,0.5
133,133,1
134,130,0.5
134,131,0.5
134,132,0.5
134,133,0.5
134,134,1
135,130,0.5
135,131,0.5
135,132,0.5
135,133,0.5
135,134,0.5
135,135,1
136,130,0.5
136,131,0.5
136,132,0.5
136,133,0.5
136,134,0.5
136,135,0.5
136,136,1
137,130,0.5
137,131,0.5
137,132,0.5
137,133,0.5
137,134,0.5
137,135,0.5
137,136,0.5
137,137,1
138,130,0.5
138,131,0.5
138,132,0.5
138,133,0.5
138,134,0.5
138,135,0.5
138,136,0.5
138,137,0.5
138,138,1
139,130,0.5
139,131,0.5
139,132,0.5
139,133,0.5
139,134,0.5
139,135,0.5
139,136,0.5
139,137,0.5
139,138,0.5
139,139,1
140,140,1
141,140,0.5
141,141,1
142,140,0.5
142,141,0.5
142,142,1
143,140,0.5
143,141,0.5
143,142,0.5
143,143,1
144,140,0.5
144,141,0.5
144,142,0.5
144,143,0.5
144,144,1
145,140,0.5
145,141,0.5
145,142,0.5
145,143,0.5
145,144,0.5
145,145,1
146,140,0.5
146,141,0.5
146,142,0.5
146,143,0.5
146,144,0.5
146,145,0.5
146,146,1
147,140,0.5
147,141,0.5
147,142,0.5
147,143,0.5
147,144,0.5
147,145,0.5
147,146,0.5
147,147,1
148,140,0.5
148,141,0.5
148,142,0.5
148,143,0.5
148,144,0.5
148,145,0.5
148,146,0.5
148,147,0.5
148,148,1
149,140,0.5
149,141,0.5
149,142,0.5
149,143,0.5
149,144,0.5
149,145,0.5
149,146,0.5
149,147,0.5
149,148,0.5
149,149,1
150,150,1
151,150,0.5
151,151,1
152,150,0.5
152,151,0.5
152,152,1
153,150,0.5
153,151,0.5
153,152,0.5
153,153,1
154,150,0.5
154,151,0.5
154,152,0.5
154,153,0.5
154,154,1
155,150,0.5
155,151,0.5
155,152,0.5
155,153,0.5
155,154,0.5
155,155,1
156,150,0.5
156,151,0.5
156,152,0.5
156,153,0.5
156,154,0.5
156,155,0.5
156,156,1
157,150,0.5
157,151,0.5
157,152,0.5
157,153,0.5
157,154,0.5
157,155,0.5
157,156,0.5
157,157,1
158,150,0.5
158,151,0.5
158,152,0.5
158,153,0.5
158,154,0.5
158,155,0.5
158,156,0.5
158,157,0.5
158,158,1
159,150,0.5
159,151,0.5
159,152,0.5
159,153,0.5
159,154,0.5
159,155,0.5
159,156,0.5
159,157,0.5
159,158,0.5
159,159,1
160,160,1
161,160,0.5
161,161,1
162,160,0.5
162,161,0.5
162,162,1
163,160,0.5
163,161,0.5
163,162,0.5
163,163,1
164,160,0.5
164,161,0.5
164,162,0.5
164,163,0.5
164,164,1
165,160,0.5
165,161,0.5
165,162,0.5
165,163,0.5
165,164,0.5
165,165,1
166,160,0.5
166,161,0.5
166,162,0.5
166,163,0.5
166,164,0.5
166,165,0.5
166,166,1
167,160,0.5
167,161,0.5
167,162,0.5
167,163,0.5
167,164,0.5
167,165,0.5
167,166,0.5
167,167,1
168,160,0.5
168,161,0.5
168,162,0.5
168,163,0.5
168,164,0.5
168,165,0.5
168,166,0.5
168,167,0.5
168,168,1
169,160,0.5
169,161,0.5
169,162,0.5
169,163,0.5
169,164,0.5
169,165,0.5
169,166,0.5
169,167,0.5
169,168,0.5
169,169,1
170,170,1
171,170,0.5
171,171,1
172,170,0.5
172,171,0.5
172,172,1
173,170,0.5
173,171,0.5
173,172,0.5
173,173,1
174,170,0.5
174,171,0.5
174,172,0.5
174,173,0.5
174,174,1
175,170,0.5
175,171,0.5
175,172,0.5
175,173,0.5
175,174,0.5
175,175,1
176,170,0.5
176,171,0.5
176,172,0.5
176,173,0.5
176,174,0.5
176,175,0.5
176,176,1
177,170,0.5
177,171,0.5
177,172,0.5
177,173,0.5
177,174,0.5
177,175,0.5
177,176,0.5
177,177,1
178,170,0.5
178,171,0.5
178,172,0.5
178,173,0.5
178,174,0.5
178,175,0.5
178,176,0.5
178,177,0.5
178,178,1
179,170,0.5
179,171,0.5
179,172,0.5
179,173,0.5
179,174,0.5
179,175,0.5
179,176,0.5
179,177,0.5
179,178,0.5
179,179,1
180,180,1
181,180,0.5
181,181,1
182,180,0.5
182,181,0.5
182,182,1
183,180,0.5
183,181,0.5
183,182,0.5
183,183,1
184,180,0.5
184,181,0.5
184,182,0.5
184,183,0.5
184,184,1
185,180,0.5
185,181,0.5
185,182,0.5
185,183,0.5
185,184,0.5
185,185,1
186,180,0.5
186,181,0.5
186,182,0.5
186,183,0.5
186,184,0.5
186,185,0.5
186,186,1
187,180,0.5
187,181,0.5
187,182,0.5
187,183,0.5
187,184,0.5
187,185,0.5
187,186,0.5
187,187,1
188,180,0.5
188,181,0.5
188,182,0.5
188,183,0.5
188,184,0.5
188,185,0.5
188,186,0.5
188,187,0.5
188,188,1
189,180,0.5
189,181,0.5
189,182,0.5
189,183,0.5
189,184,0.5
189,185,0.5
189,186,0.5
189,187,0.5
189,188,0.5
189,189,1
190,190,1
191,190,0.5
191,191,1
192,190,0.5
192,191,0.5
192,192,1
193,190,0.5
193,191,0.5
193,192,0.5
193,193,1
194,190,0.5
194,191,0.5
194,192,0.5
194,193,0.5
194,194,1
195,190,0.5
195,191,0.5
195,192,0.5
195,193,0.5
195,194,0.5
195,195,1
196,190,0.5
196,191,0.5
196,192,0.5
196,193,0.5
196,194,0.5
196,195,0.5
196,196,1
197,190,0.5
197,191,0.5
197,192,0.5
197,193,0.5
197,194,0.5
197,195,0.5
197,196,0.5
197,197,1
198,190,0.5
198,191,0.5
198,192,0.5
198,193,0.5
198,194,0.5
198,195,0.5
198,196,0.5
198,197,0.5
198,198,1
199,190,0.5
199,191,0.5
199,192,0.5
199,193,0.5
199,194,0.5
199,195,0.5
199,196,0.5
199,197,0.5
199,198,0.5
199,199,1
200,200,1
201,200,0.5
201,201,1
202,200,0.5
202,201,0.5
202,202,1
203,200,0.5
203,201,0.5
203,202,0.5
203,203,1
204,200,0.5
204,201,0.5
204,202,0.5
204,203,0.5
204,204,1
205,200,0.5
205,201,0.5
205,202,0.5
205,203,0.5
205,204,0.5
205,205,1
206,200,0.5
206,201,0.5
206,202,0.5
206,203,0.5
206,204,0.5
206,205,0.5
206,206,1
207,200,0.5
207,201,0.5
207,202,0.5
207,203,0.5
207,204,0.5
207,205,0.5
207,206,0.5
207,207,1
208,200,0.5
208,201,0.5
208,202,0.5
208,203,0.5
208,204,0.5
208,205,0.5
208,206,0.5
208,207,0.5
208,208,1
209,200,0.5
209,201,0.5
209,202,0.5
209,203,0.5
209,204,0.5
209,205,0.5
209,206,0.5
209,207,0.5
209,208,0.5
209,209,1
210,210,1
211,210,0.5
211,211,1
212,210,0.5
212,211,0.5
212,212,1
213,210,0.5
213,211,0.5
213,212,0.5
213,213,1
214,210,0.5
214,211,0.5
214,212,0.5
214,213,0.5
214,214,1
215,210,0.5
215,211,0.5
215,212,0.5
215,213,0.5
215,214,0.5
215,215,1
216,210,0.5
216,211,0.5
216,212,0.5
216,213,0.5
216,214,0.5
216,215,0.5
216,216,1
217,210,0.5
217,211,0.5
217,212,0.5
217,213,0.5
217,214,0.5
217,215,0.5
217,216,0.5
217,217,1
218,210,0.5
218,211,0.5
218,212,0.5
218,213,0.5
218,214,0.5
218,215,0.5
218,216,0.5
218,217,0.5
218,218,1
219,210,0.5
219,211,0.5
219,212,0.5
219,213,0.5
219,214,0.5
219,215,0.5
219,216,0.5
219,217,0.5
219,218,0.5
219,219,1
220,220,1
221,220,0.5
221,221,1
222,220,0.5
222,221,0.5
222,222,1
223,220,0.5
223,221,0.5
223,222,0.5
223,223,1
224,220,0.5
224,221,0.5
224,222,0.5
224,223,0.5
224,224,1
225,220,0.5
225,221,0.5
225,222,0.5
225,223,0.5
225,224,0.5
225,225,1
226,220,0.5
226,221,0.5
226,222,0.5
226,223,0.5
226,224,0.5
226,225,0.5
226,226,1
227,220,0.5
227,221,0.5
227,222,0.5
227,223,0.5
227,224,0.5
227,225,0.5
227,226,0.5
227,227,1
228,220,0.5
228,221,0.5
228,222,0.5
228,223,0.5
228,224,0.5
228,225,0.5
228,226,0.5
228,227,0.5
228,228,1
229,220,0.5
229,221,0.5
229,222,0.5
229,223,0.5
229,224,0.5
229,225,0.5
229,226,0.5
229,227,0.5
229,228,0.5
229,229,1
230,230,1
231,230,0.5
231,231,1
232,230,0.5
232,231,0.5
232,232,1
233,230,0.5
233,231,0.5
233,232,0.5
233,233,1
234,230,0.5
234,231,0.5
234,232,0.5
234,233,0.5
234,234,1
235,230,0.5
235,231,0.5
235,232,0.5
235,233,0.5
235,234,0.5
235,235,1
236,230,0.5
236,231,0.5
236,232,0.5
236,233,0.5
236,234,0.5
236,235,0.5
236,236,1
237,230,0.5
237,231,0.5
237,232,0.5
237,233,0.5
237,234,0.5
237,235,0.5
237,236,0.5
237,237,1
238,230,0.5
238,231,0.5
238,232,0.5
238,233,0.5
238,234,0.5
238,235,0.5
238,236,0.5
238,237,0.5
238,238,1
239,230,0.5
239,231,0.5
239,232,0.5
239,233,0.5
239,234,0.5
239,235,0.5
239,236,0.5
239,237,0.5
239,238,0.5
239,239,1
240,240,1
241,240,0.5
241,241,1
242,240,0.5
242,241,0.5
242,242,1
243,240,0.5
243,241,0.5
243,242,0.5
243,243,1
244,240,0.5
244,241,0.5
244,242,0.5
244,243,0.5
244,244,1
245,240,0.5
245,241,0.5
245,242,0.5
245,243,0.5
245,244,0.5
245,245,1
246,240,0.5
246,241,0.5
246,242,0.5
246,243,0.5
246,244,0.5
246,245,0.5
246,246,1
247,240,0.5
247,241,0.5
247,242,0.5
247,243,0.5
247,244,0.5
247,245,0.5
247,246,0.5
247,247,1
248,240,0.5
248,241,0.5
248,242,0.5
248,243,0.5
248,244,0.5
248,245,0.5
248,246,0.5
248,247,0.5
248,248,1
249,240,0.5
249,241,0.5
249,242,0.5
249,243,0.5
249,244,0.5
249,245,0.5
249,246,0.5
249,247,0.5
249,248,0.5
249,249,1
250,250,1
251,250,0.5
251,251,1
252,250,0.5
252,251,0.5
252,252,1
253,250,0.5
253,251,0.5
253,252,0.5
253,253,1
254,250,0.5
254,251,0.5
254,252,0.5
254,253,0.5
254,254,1
255,250,0.5
255,251,0.5
255,252,0.5
255,253,0.5
255,254,0.5
255,255,1
256,250,0.5
256,251,0.5
256,252,0.5
256,253,0.5
256,254,0.5
256,255,0.5
256,256,1
257,250,0.5
257,251,0.5
257,252,0.5
257,253,0.5
257,254,0.5
257,255,0.5
257,256,0.5
257,257,1
258,250,0.5
258,251,0.5
258,252,0.5
258,253,0.5
258,254,0.5
258,255,0.5
258,256,0.5
258,257,0.5
258,258,1
259,250,0.5
259,251,0.5
259,252,0.5
259,253,0.5
259,254,0.5
259,255,0.5
259,256,0.5
259,257,0.5
259,258,0.5
259,259,1
260,260,1
261,260,0.5
261,261,1
262,260,0.5
262,261,0.5
262,262,1
263,260,0.5
263,261,0.5
263,262,0.5
263,263,1
264,260,0.5
264,261,0.5
264,262,0.5
264,263,0.5
264,264,1
265,260,0.5
265,261,0.5
265,262,0.5
265,263,0.5
265,264,0.5
265,265,1
266,260,0.5
266,261,0.5
266,262,0.5
266,263,0.5
266,264,0.5
266,265,0.5
266,266,1
267,260,0.5
267,261,0.5
267,262,0.5
267,263,0.5
267,264,0.5
267,265,0.5
267,266,0.5
267,267,1
268,260,0.5
268,261,0.5
268,262,0.5
268,263,0.5
268,264,0.5
268,265,0.5
268,266,0.5
268,267,0.5
268,268,1
269,260,0.5
269,261,0.5
269,262,0.5
269,263,0.5
269,264,0.5
269,265,0.5
269,266,0.5
269,267,0.5
269,268,0.5
269,269,1
270,270,1
271,270,0.5
271,271,1
272,270,0.5
272,271,0.5
272,272,1
273,270,0.5
273,271,0.5
273,272,0.5
273,273,1
274,270,0.5
274,271,0.5
274,272,0.5
274,273,0.5
274,274,1
275,270,0.5
275,271,0.5
275,272,0.5
275,273,0.5
275,274,0.5
275,275,1
276,270,0.5
276,271,0.5
276,272,0.5
276,273,0.5
276,274,0.5
276,275,0.5
276,276,1
277,270,0.5
277,271,0.5
277,272,0.5
277,273,0.5
277,274,0.5
277,275,0.5
277,276,0.5
277,277,1
278,270,0.5
278,271,0.5
278,272,0.5
278,273,0.5
278,274,0.5
278,275,0.5
278,276,0.5
278,277,0.5
278,278,1
279,270,0.5
279,271,0.5
279,272,0.5
279,273,0.5
279,274,0.5
279,275,0.5
279,276,0.5
279,277,0.5
279,278,0.5
279,279,1
280,280,1
281,280,0.5
281,281,1
282,280,0.5
282,281,0.5
282,282,1
283,280,0.5
283,281,0.5
283,282,0.5
283,283,1
284,280,0.5
284,281,0.5
284,282,0.5
284,283,0.5
284,284,1
285,280,0.5
285,281,0.5
285,282,0.5
285,283,0.5
285,284,0.5
285,285,1
286,280,0.5
286,281,0.5
286,282,0.5
286,283,0.5
286,284,0.5
286,285,0.5
286,286,1
287,280,0.5
287,281,0.5
287,282,0.5
287,283,0.5
287,284,0.5
287,285,0.5
287,286,0.5
287,287,1
288,280,0.5
288,281,0.5
288,282,0.5
288,283,0.5
288,284,0.5
288,285,0.5
288,286,0.5
288,287,0.5
288,288,1
289,280,0.5
289,281,0.5
289,282,0.5
289,283,0.5
289,284,0.5
289,285,0.5
289,286,0.5
289,287,0.5
289,288,0.5
289,289,1
290,290,1
291,290,0.5
291,291,1
292,290,0.5
292,291,0.5
292,292,1
293,290,0.5
293,291,0.5
293,292,0.5
293,293,1
294,290,0.5
294,291,0.5
294,292,0.5
294,293,0.5
294,294,1
295,290,0.5
295,291,0.5
295,292,0.5
295,293,0.5
295,294,0.5
295,295,1
296,290,0.5
296,291,0.5
296,292,0.5
296,293,0.5
296,294,0.5
296,295,0.5
296,296,1
297,290,0.5
297,291,0.5
297,292,0.5
297,293,0.5
297,294,0.5
297,295,0.5
297,296,0.5
297,297,1
298,290,0.5
298,291,0.5
298,292,0.5
298,293,0.5
298,294,0.5
298,295,0.5
298,296,0.5
298,297,0.5
298,298,1
299,290,0.5
299,291,0.5
299,292,0.5
299,293,0.5
299,294,0.5
299,295,0.5
299,296,0.5
299,297,0.5
299,298,0.5
299,299,1
300,300,1
301,300,0.5
301,301,1
302,300,0.5
302,301,0.5
302,302,1
303,300,0.5
303,301,0.5
303,302,0.5
303,303,1
304,300,0.5
304,301,0.5
304,302,0.5
304,303,0.5
304,304,1
305,300,0.5
305,301,0.5
305,302,0.5
305,303,0.5
305,304,0.5
305,305,1
306,300,0.5
306,301,0.5
306,302,0.5
306,303,0.5
306,304,0.5
306,305,0.5
306,306,1
307,300,0.5
307,301,0.5
307,302,0.5
307,303,0.5
307,304,0.5
307,305,0.5
307,306,0.5
307,307,1
308,300,0.5
308,301,0.5
308,302,0.5
308,303,0.5
308,304,0.5
308,305,0.5
308,306,0.5
308,307,0.5
308,308,1
309,300,0.5
309,301,0.5
309,302,0.5
309,303,0.5
309,304,0.5
309,305,0.5
309,306,0.5
309,307,0.5
309,308,0.5
309,309,1
310,310,1
311,310,0.5
311,311,1
312,310,0.5
312,311,0.5
312,312,1
313,310,0.5
313,311,0.5
313,312,0.5
313,313,1
314,310,0.5
314,311,0.5
314,312,0.5
314,313,0.5
314,314,1
315,310,0.5
315,311,0.5
315,312,0.5
315,313,0.5
315,314,0.5
315,315,1
316,310,0.5
316,311,0.5
316,312,0.5
316,313,0.5
316,314,0.5
316,315,0.5
316,316,1
317,310,0.5
317,311,0.5
317,312,0.5
317,313,0.5
317,314,0.5
317,315,0.5
317,316,0.5
317,317,1
318,310,0.5
318,311,0.5
318,312,0.5
318,313,0.5
318,314,0.5
318,315,0.5
318,316,0.5
318,317,0.5
318,318,1
319,310,0.5
319,311,0.5
319,312,0.5
319,313,0.5
319,314,0.5
319,315,0.5
319,316,0.5
319,317,0.5
319,318,0.5
319,319,1
320,320,1
321,320,0.5
321,321,1
322,320,0.5
322,321,0.5
322,322,1
323,320,0.5
323,321,0.5
323,322,0.5
323,323,1
324,320,0.5
324,321,0.5
324,322,0.5
324,323,0.5
324,324,1
325,320,0.5
325,321,0.5
325,322,0.5
325,323,0.5
325,324,0.5
325,325,1
326,320,0.5
326,321,0.5
326,322,0.5
326,323,0.5
326,324,0.5
326,325,0.5
326,326,1
327,320,0.5
327,321,0.5
327,322,0.5
327,323,0.5
327,324,0.5
327,325,0.5
327,326,0.5
327,327,1
328,320,0.5
328,321,0.5
328,322,0.5
328,323,0.5
328,324,0.5
328,325,0.5
328,326,0.5
328,327,0.5
328,328,1
329,320,0.5
329,321,0.5
329,322,0.5
329,323,0.5
329,324,0.5
329,325,0.5
329,326,0.5
329,327,0.5
329,328,0.5
329,329,1
330,330,1
331,330,0.5
331,331,1
332,330,0.5
332,331,0.5
332,332,1
333,330,0.5
333,331,0.5
333,332,0.5
333,333,1
334,330,0.5
334,331,0.5
334,332,0.5
334,333,0.5
334,334,1
335,330,0.5
335,331,0.5
335,332,0.5
335,333,0.5
335,334,0.5
335,335,1
336,330,0.5
336,331,0.5
336,332,0.5
336,333,0.5
336,334,0.5
336,335,0.5
336,336,1
337,330,0.5
337,331,0.5
337,332,0.5
337,333,0.5
337,334,0.5
337,335,0.5
337,336,0.5
337,337,1
338,330,0.5
338,331,0.5
338,332,0.5
338,333,0.5
338,334,0.5
338,335,0.5
338,336,0.5
338,337,0.5
338,338,1
339,330,0.5
339,331,0.5
339,332,0.5
339,333,0.5
339,334,0.5
339,335,0.5
339,336,0.5
339,337,0.5
339,338,0.5
339,339,1
340,340,1
341,340,0.5
341,341,1
342,340,0.5
342,341,0.5
342,342,1
343,340,0.5
343,341,0.5
343,342,0.5
343,343,1
344,340,0.5
344,341,0.5
344,342,0.5
344,343,0.5
344,344,1
345,340,0.5
345,341,0.5
345,342,0.5
345,343,0.5
345,344,0.5
345,345,1
346,340,0.5
346,341,0.5
346,342,0.5
346,343,0.5
346,344,0.5
346,345,0.5
346,346,1
347,340,0.5
347,341,0.5
347,342,0.5
347,343,0.5
347,344,0.5
347,345,0.5
347,346,0.5
347,347,1
348,340,0.5
348,341,0.5
348,342,0.5
348,343,0.5
348,344,0.5
348,345,0.5
348,346,0.5
348,347,0.5
348,348,1
349,340,0.5
349,341,0.5
349,342,0.5
349,343,0.5
349,344,0.5
349,345,0.5
349,346,0.5
349,347,0.5
349,348,0.5
349,349,1
350,350,1
351,350,0.5
351,351,1
352,350,0.5
352,351,0.5
352,352,1
353,350,0.5
353,351,0.5
353,352,0.5
353,353,1
354,350,0.5
354,351,0.5
354,352,0.5
354,353,0.5
354,354,1
355,350,0.5
355,351,0.5
355,352,0.5
355,353,0.5
355,354,0.5
355,355,1
356,350,0.5
356,351,0.5
356,352,0.5
356,353,0.5
356,354,0.5
356,355,0.5
356,356,1
357,350,0.5
357,351,0.5
357,352,0.5
357,353,0.5
357,354,0.5
357,355,0.5
357,356,0.5
357,357,1
358,350,0.5
358,351,0.5
358,352,0.5
358,353,0.5
358,354,0.5
358,355,0.5
358,356,0.5
358,357,0.5
358,358,1
359,350,0.5
359,351,0.5
359,352,0.5
359,353,0.5
359,354,0.5
359,355,0.5
359,356,0.5
359,357,0.5
359,358,0.5
359,359,1
360,360,1
361,360,0.5
361,361,1
362,360,0.5
362,361,0.5
362,362,1
363,360,0.5
363,361,0.5
363,362,0.5
363,363,1
364,360,0.5
364,361,0.5
364,362,0.5
364,363,0.5
364,364,1
365,360,0.5
365,361,0.5
365,362,0.5
365,363,0.5
365,364,0.5
365,365,1
366,360,0.5
366,361,0.5
366,362,0.5
366,363,0.5
366,364,0.5
366,365,0.5
366,366,1
367,360,0.5
367,361,0.5
367,362,0.5
367,363,0.5
367,364,0.5
367,365,0.5
367,366,0.5
367,367,1
368,360,0.5
368,361,0.5
368,362,0.5
368,363,0.5
368,364,0.5
368,365,0.5
368,366,0.5
368,367,0.5
368,368,1
369,360,0.5
369,361,0.5
369,362,0.5
369,363,0.5
369,364,0.5
369,365,0.5
369,366,0.5
369,367,0.5
369,368,0.5
369,369,1
370,370,1
371,370,0.5
371,371,1
372,370,0.5
372,371,0.5
372,372,1
373,370,0.5
373,371,0.5
373,372,0.5
373,373,1
374,370,0.5
374,371,0.5
374,372,0.5
374,373,0.5
374,374,1
375,370,0.5
375,371,0.5
375,372,0.5
375,373,0.5
375,374,0.5
375,375,1
376,370,0.5
376,371,0.5
376,372,0.5
376,373,0.5
376,374,0.5
376,375,0.5
376,376,1
377,370,0.5
377,371,0.5
377,372,0.5
377,373,0.5
377,374,0.5
377,375,0.5
377,376,0.5
377,377,1
378,370,0.5
378,371,0.5
378,372,0.5
378,373,0.5
378,374,0.5
378,375,0.5
378,376,0.5
378,377,0.5
378,378,1
379,370,0.5
379,371,0.5
379,372,0.5
379,373,0.5
379,374,0.5
379,375,0.5
379,376,0.5
379,377,0.5
379,378,0.5
379,379,1
380,380,1
381,380,0.5
381,381,1
382,380,0.5
382,381,0.5
382,382,1
383,380,0.5
383,381,0.5
383,382,0.5
383,383,1
384,380,0.5
384,381,0.5
384,382,0.5
384,383,0.5
384,384,1
385,380,0.5
385,381,0.5
385,382,0.5
385,383,0.5
385,384,0.5
385,385,1
386,380,0.5
386,381,0.5
386,382,0.5
386,383,0.5
386,384,0.5
386,385,0.5
386,386,1
387,380,0.5
387,381,0.5
387,382,0.5
387,383,0.5
387,384,0.5
387,385,0.5
387,386,0.5
387,387,1
388,380,0.5
388,381,0.5
388,382,0.5
388,383,0.5
388,384,0.5
388,385,0.5
388,386,0.5
388,387,0.5
388,388,1
389,380,0.5
389,381,0.5
389,382,0.5
389,383,0.5
389,384,0.5
389,385,0.5
389,386,0.5
389,387,0.5
389,388,0.5
389,389,1
390,390,1
391,390,0.5
391,391,1
392,390,0.5
392,391,0.5
392,392,1
393,390,0.5
393,391,0.5
393,392,0.5
393,393,1
394,390,0.5
394,391,0.5
394,392,0.5
394,393,0.5
394,394,1
395,390,0.5
395,391,0.5
395,392,0.5
395,393,0.5
395,394,0.5
395,395,1
396,390,0.5
396,391,0.5
396,392,0.5
396,393,0.5
396,394,0.5
396,395,0.5
396,396,1
397,390,0.5
397,391,0.5
397,392,0.5
397,393,0.5
397,394,0.5
397,395,0.5
397,396,0.5
397,397,1
398,390,0.5
398,391,0.5
398,392,0.5
398,393,0.5
398,394,0.5
398,395,0.5
398,396,0.5
398,397,0.5
398,398,1
399,390,0.5
399,391,0.5
399,392,0.5
399,393,0.5
399,394,0.5
399,395,0.5
399,396,0.5
399,397,0.5
399,398,0.5
399,399,1
400,400,1
401,400,0.5
401,401,1
402,400,0.5
402,401,0.5
402,402,1
403,400,0.5
403,401,0.5
403,402,0.5
403,403,1
404,400,0.5
404,401,0.5
404,402,0.5
404,403,0.5
404,404,1
405,400,0.5
405,401,0.5
405,402,0.5
405,403,0.5
405,404,0.5
405,405,1
406,400,0.5
406,401,0.5
406,402,0.5
406,403,0.5
406,404,0.5
406,405,0.5
406,406,1
407,400,0.5
407,401,0.5
407,402,0.5
407,403,0.5
407,404,0.5
407,405,0.5
407,406,0.5
407,407,1
408,400,0.5
408,401,0.5
408,402,0.5
408,403,0.5
408,404,0.5
408,405,0.5
408,406,0.5
408,407,0.5
408,408,1
409,400,0.5
409,401,0.5
409,402,0.5
409,403,0.5
409,404,0.5
409,405,0.5
409,406,0.5
409,407,0.5
409,408,0.5
409,409,1
410,410,1
411,410,0.5
411,411,1
412,410,0.5
412,411,0.5
412,412,1
413,410,0.5
413,411,0.5
413,412,0.5
413,413,1
414,410,0.5
414,411,0.5
414,412,0.5
414,413,0.5
414,414,1
415,410,0.5
415,411,0.5
415,412,0.5
415,413,0.5
415,414,0.5
415,415,1
416,410,0.5
416,411,0.5
416,412,0.5
416,413,0.5
416,414,0.5
416,415,0.5
416,416,1
417,410,0.5
417,411,0.5
417,412,0.5
417,413,0.5
417,414,0.5
417,415,0.5
417,416,0.5
417,417,1
418,410,0.5
418,411,0.5
418,412,0.5
418,413,0.5
418,414,0.5
418,415,0.5
418,416,0.5
418,417,0.5
418,418,1
419,410,0.5
419,411,0.5
419,412,0.5
419,413,0.5
419,414,0.5
419,415,0.5
419,416,0.5
419,417,0.5
419,418,0.5
419,419,1
420,420,1
421,420,0.5
421,421,1
422,420,0.5
422,421,0.5
422,422,1
423,420,0.5
423,421,0.5
423,422,0.5
423,423,1
424,420,0.5
424,421,0.5
424,422,0.5
424,423,0.5
424,424,1
425,420,0.5
425,421,0.5
425,422,0.5
425,423,0.5
425,424,0.5
425,425,1
426,420,0.5
426,421,0.5
426,422,0.5
426,423,0.5
426,424,0.5
426,425,0.5
426,426,1
427,420,0.5
427,421,0.5
427,422,0.5
427,423,0.5
427,424,0.5
427,425,0.5
427,426,0.5
427,427,1
428,420,0.5
428,421,0.5
428,422,0.5
428,423,0.5
428,424,0.5
428,425,0.5
428,426,0.5
428,427,0.5
428,428,1
429,420,0.5
429,421,0.5
429,422,0.5
429,423,0.5
429,424,0.5
429,425,0.5
429,426,0.5
429,427,0.5
429,428,0.5
429,429,1
430,430,1
431,430,0.5
431,431,1
432,430,0.5
432,431,0.5
432,432,1
433,430,0.5
433,431,0.5
433,432,0.5
433,433,1
434,430,0.5
434,431,0.5
434,432,0.5
434,433,0.5
434,434,1
435,430,0.5
435,431,0.5
435,432,0.5
435,433,0.5
435,434,0.5
435,435,1
436,430,0.5
436,431,0.5
436,432,0.5
436,433,0.5
436,434,0.5
436,435,0.5
436,436,1
437,430,0.5
437,431,0.5
437,432,0.5
437,433,0.5
437,434,0.5
437,435,0.5
437,436,0.5
437,437,1
438,430,0.5
438,431,0.5
438,432,0.5
438,433,0.5
438,434,0.5
438,435,0.5
438,436,0.5
438,437,0.5
438,438,1
439,430,0.5
439,431,0.5
439,432,0.5
439,433,0.5
439,434,0.5
439,435,0.5
439,436,0.5
439,437,0.5
439,438,0.5
439,439,1
440,440,1
441,440,0.5
441,441,1
442,440,0.5
442,441,0.5
442,442,1
443,440,0.5
443,441,0.5
443,442,0.5
443,443,1
444,440,0.5
444,441,0.5
444,442,0.5
444,443,0.5
444,444,1
445,440,0.5
445,441,0.5
445,442,0.5
445,443,0.5
445,444,0.5
445,445,1
446,440,0.5
446,441,0.5
446,442,0.5
446,443,0.5
446,444,0.5
446,445,0.5
446,446,1
447,440,0.5
447,441,0.5
447,442,0.5
447,443,0.5
447,444,0.5
447,445,0.5
447,446,0.5
447,447,1
448,440,0.5
448,441,0.5
448,442,0.5
448,443,0.5
448,444,0.5
448,445,0.5
448,446,0.5
448,447,0.5
448,448,1
449,440,0.5
449,441,0.5
449,442,0.5
449,443,0.5
449,444,0.5
449,445,0.5
449,446,0.5
449,447,0.5
449,448,0.5
449,449,1
450,450,1
451,450,0.5
451,451,1
452,450,0.5
452,451,0.5
452,452,1
453,450,0.5
453,451,0.5
453,452,0.5
453,453,1
454,450,0.5
454,451,0.5
454,452,0.5
454,453,0.5
454,454,1
455,450,0.5
455,451,0.5
455,452,0.5
455,453,0.5
455,454,0.5
455,455,1
456,450,0.5
456,451,0.5
456,452,0.5
456,453,0.5
456,454,0.5
456,455,0.5
456,456,1
457,450,0.5
457,451,0.5
457,452,0.5
457,453,0.5
457,454,0.5
457,455,0.5
457,456,0.5
457,457,1
458,450,0.5
458,451,0.5
458,452,0.5
458,453,0.5
458,454,0.5
458,455,0.5
458,456,0.5
458,457,0.5
458,458,1
459,450,0.5
459,451,0.5
459,452,0.5
459,453,0.5
459,454,0.5
459,455,0.5
459,456,0.5
459,457,0.5
459,458,0.5
459,459,1
460,460,1
461,460,0.5
461,461,1
462,460,0.5
462,461,0.5
462,462,1
463,460,0.5
463,461,0.5
463,462,0.5
463,463,1
464,460,0.5
464,461,0.5
464,462,0.5
464,463,0.5
464,464,1
465,460,0.5
465,461,0.5
465,462,0.5
465,463,0.5
465,464,0.5
465,465,1
466,460,0.5
466,461,0.5
466,462,0.5
466,463,0.5
466,464,0.5
466,465,0.5
466,466,1
467,460,0.5
467,461,0.5
467,462,0.5
467,463,0.5
467,464,0.5
467,465,0.5
467,466,0.5
467,467,1
468,460,0.5
468,461,0.5
468,462,0.5
468,463,0.5
468,464,0.5
468,465,0.5
468,466,0.5
468,467,0.5
468,468,1
469,460,0.5
469,461,0.5
469,462,0.5
469,463,0.5
469,464,0.5
469,465,0.5
469,466,0.5
469,467,0.5
469,468,0.5
469,469,1
470,470,1
471,470,0.5
471,471,1
472,470,0.5
472,471,0.5
472,472,1
473,470,0.5
473,471,0.5
473,472,0.5
473,473,1
474,470,0.5
474,471,0.5
474,472,0.5
474,473,0.5
474,474,1
475,470,0.5
475,471,0.5
475,472,0.5
475,473,0.5
475,474,0.5
475,475,1
476,470,0.5
476,471,0.5
476,472,0.5
476,473,0.5
476,474,0.5
476,475,0.5
476,476,1
477,470,0.5
477,471,0.5
477,472,0.5
477,473,0.5
477,474,0.5
477,475,0.5
477,476,0.5
477,477,1
478,470,0.5
478,471,0.5
478,472,0.5
478,473,0.5
478,474,0.5
478,475,0.5
478,476,0.5
478,477,0.5
478,478,1
479,470,0.5
479,471,0.5
479,472,0.5
479,473,0.5
479,474,0.5
479,475,0.5
479,476,0.5
479,477,0.5
479,478,0.5
479,479,1
480,480,1
481,480,0.5
481,481,1
482,480,0.5
482,481,0.5
482,482,1
483,480,0.5
483,481,0.5
483,482,0.5
483,483,1
484,480,0.5
484,481,0.5
484,482,0.5
484,483,0.5
484,484,1
485,480,0.5
485,481,0.5
485,482,0.5
485,483,0.5
485,484,0.5
485,485,1
486,480,0.5
486,481,0.5
486,482,0.5
486,483,0.5
486,484,0.5
486,485,0.5
486,486,1
487,480,0.5
487,481,0.5
487,482,0.5
487,483,0.5
487,484,0.5
487,485,0.5
487,486,0.5
487,487,1
488,480,0.5
488,481,0.5
488,482,0.5
488,483,0.5
488,484,0.5
488,485,0.5
488,486,0.5
488,487,0.5
488,488,1
489,480,0.5
489,481,0.5
489,482,0.5
489,483,0.5
489,484,0.5
489,485,0.5
489,486,0.5
489,487,0.5
489,488,0.5
489,489,1
490,490,1
491,490,0.5
491,491,1
492,490,0.5
492,491,0.5
492,492,1
493,490,0.5
493,491,0.5
493,492,0.5
493,493,1
494,490,0.5
494,491,0.5
494,492,0.5
494,493,0.5
494,494,1
495,490,0.5
495,491,0.5
495,492,0.5
495,493,0.5
495,494,0.5
495,495,1
496,490,0.5
496,491,0.5
496,492,0.5
496,493,0.5
496,494,0.5
496,495,0.5
496,496,1
497,490,0.5
497,491,0.5
497,492,0.5
497,493,0.5
497,494,0.5
497,495,0.5
497,496,0.5
497,497,1
498,490,0.5
498,491,0.5
498,492,0.5
498,493,0.5
498,494,0.5
498,495,0.5
498,496,0.5
498,497,0.5
498,498,1
499,490,0.5
499,491,0.5
499,492,0.5
499,493,0.5
499,494,0.5
499,495,0.5
499,496,0.5
499,497,0.5
499,498,0.5
499,499,1
500,500,1
501,500,0.5
501,501,1
502,500,0.5
502,501,0.5
502,502,1
503,500,0.5
503,501,0.5
503,502,0.5
503,503,1
504,500,0.5
504,501,0.5
504,502,0.5
504,503,0.5
504,504,1
505,500,0.5
505,501,0.5
505,502,0.5
505,503,0.5
505,504,0.5
505,505,1
506,500,0.5
506,501,0.5
506,502,0.5
506,503,0.5
506,504,0.5
506,505,0.5
506,506,1
507,500,0.5
507,501,0.5
507,502,0.5
507,503,0.5
507,504,0.5
507,505,0.5
507,506,0.5
507,507,1
508,500,0.5
508,501,0.5
508,502,0.5
508,503,0.5
508,504,0.5
508,505,0.5
508,506,0.5
508,507,0.5
508,508,1
509,500,0.5
509,501,0.5
509,502,0.5
509,503,0.5
509,504,0.5
509,505,0.5
509,506,0.5
509,507,0.5
509,508,0.5
509,509,1
510,510,1
511,510,0.5
511,511,1
512,510,0.5
512,511,0.5
512,512,1
513,510,0.5
513,511,0.5
513,512,0.5
513,513,1
514,510,0.5
514,511,0.5
514,512,0.5
514,513,0.5
514,514,1
515,510,0.5
515,511,0.5
515,512,0.5
515,513,0.5
515,514,0.5
515,515,1
516,510,0.5
516,511,0.5
516,512,0.5
516,513,0.5
516,514,0.5
516,515,0.5
516,516,1
517,510,0.5
517,511,0.5
517,512,0.5
517,513,0.5
517,514,0.5
517,515,0.5
517,516,0.5
517,517,1
518,510,0.5
518,511,0.5
518,512,0.5
518,513,0.5
518,514,0.5
518,515,0.5
518,516,0.5
518,517,0.5
518,518,1
519,510,0.5
519,511,0.5
519,512,0.5
519,513,0.5
519,514,0.5
519,515,0.5
519,516,0.5
519,517,0.5
519,518,0.5
519,519,1
520,520,1
521,520,0.5
521,521,1
522,520,0.5
522,521,0.5
522,522,1
523,520,0.5
523,521,0.5
523,522,0.5
523,523,1
524,520,0.5
524,521,0.5
524,522,0.5
524,523,0.5
524,524,1
525,520,0.5
525,521,0.5
525,522,0.5
525,523,0.5
525,524,0.5
525,525,1
526,520,0.5
526,521,0.5
526,522,0.5
526,523,0.5
526,524,0.5
526,525,0.5
526,526,1
527,520,0.5
527,521,0.5
527,522,0.5
527,523,0.5
527,524,0.5
527,525,0.5
527,526,0.5
527,527,1
528,520,0.5
528,521,0.5
528,522,0.5
528,523,0.5
528,524,0.5
528,525,0.5
528,526,0.5
528,527,0.5
528,528,1
529,520,0.5
529,521,0.5
529,522,0.5
529,523,0.5
529,524,0.5
529,525,0.5
529,526,0.5
529,527,0.5
529,528,0.5
529,529,1
530,530,1
531,530,0.5
531,531,1
532,530,0.5
532,531,0.5
532,532,1
533,530,0.5
533,531,0.5
533,532,0.5
533,533,1
534,530,0.5
534,531,0.5
534,532,0.5
534,533,0.5
534,534,1
535,530,0.5
535,531,0.5
535,532,0.5
535,533,0.5
535,534,0.5
535,535,1
536,530,0.5
536,531,0.5
536,532,0.5
536,533,0.5
536,534,0.5
536,535,0.5
536,536,1
537,530,0.5
537,531,0.5
537,532,0.5
537,533,0.5
537,534,0.5
537,535,0.5
537,536,0.5
537,537,1
538,530,0.5
538,531,0.5
538,532,0.5
538,533,0.5
538,534,0.5
538,535,0.5
538,536,0.5
538,537,0.5
538,538,1
539,530,0.5
539,531,0.5
539,532,0.5
539,533,0.5
539,534,0.5
539,535,0.5
539,536,0.5
539,537,0.5
539,538,0.5
539,539,1
540,540,1
541,540,0.5
541,541,1
542,540,0.5
542,541,0.5
542,542,1
543,540,0.5
543,541,0.5
543,542,0.5
543,543,1
544,540,0.5
544,541,0.5
544,542,0.5
544,543,0.5
544,544,1
545,540,0.5
545,541,0.5
545,542,0.5
545,543,0.5
545,544,0.5
545,545,1
546,540,0.5
546,541,0.5
546,542,0.5
546,543,0.5
546,544,0.5
546,545,0.5
546,546,1
547,540,0.5
547,541,0.5
547,542,0.5
547,543,0.5
547,544,0.5
547,545,0.5
547,546,0.5
547,547,1
548,540,0.5
548,541,0.5
548,542,0.5
548,543,0.5
548,544,0.5
548,545,0.5
548,546,0.5
548,547,0.5
548,548,1
549,540,0.5
549,541,0.5
549,542,0.5
549,543,0.5
549,544,0.5
549,545,0.5
549,546,0.5
549,547,0.5
549,548,0.5
549,549,1
550,550,1
551,550,0.5
551,551,1
552,550,0.5
552,551,0.5
552,552,1
553,550,0.5
553,551,0.5
553,552,0.5
553,553,1
554,550,0.5
554,551,0.5
554,552,0.5
554,553,0.5
554,554,1
555,550,0.5
555,551,0.5
555,552,0.5
555,553,0.5
555,554,0.5
555,555,1
556,550,0.5
556,551,0.5
556,552,0.5
556,553,0.5
556,554,0.5
556,555,0.5
556,556,1
557,550,0.5
557,551,0.5
557,552,0.5
557,553,0.5
557,554,0.5
557,555,0.5
557,556,0.5
557,557,1
558,550,0.5
558,551,0.5
558,552,0.5
558,553,0.5
558,554,0.5
558,555,0.5
558,556,0.5
558,557,0.5
558,558,1
559,550,0.5
559,551,0.5
559,552,0.5
559,553,0.5
559,554,0.5
559,555,0.5
559,556,0.5
559,557,0.5
559,558,0.5
559,559,1
560,560,1
561,560,0.5
561,561,1
562,560,0.5
562,561,0.5
562,562,1
563,560,0.5
563,561,0.5
563,562,0.5
563,563,1
564,560,0.5
564,561,0.5
564,562,0.5
564,563,0.5
564,564,1
565,560,0.5
565,561,0.5
565,562,0.5
565,563,0.5
565,564,0.5
565,565,1
566,560,0.5
566,561,0.5
566,562,0.5
566,563,0.5
566,564,0.5
566,565,0.5
566,566,1
567,560,0.5
567,561,0.5
567,562,0.5
567,563,0.5
567,564,0.5
567,565,0.5
567,566,0.5
567,567,1
568,560,0.5
568,561,0.5
568,562,0.5
568,563,0.5
568,564,0.5
568,565,0.5
568,566,0.5
568,567,0.5
568,568,1
569,560,0.5
569,561,0.5
569,562,0.5
569,563,0.5
569,564,0.5
569,565,0.5
569,566,0.5
569,567,0.5
569,568,0.5
569,569,1
570,570,1
571,570,0.5
571,571,1
572,570,0.5
572,571,0.5
572,572,1
573,570,0.5
573,571,0.5
573,572,0.5
573,573,1
574,570,0.5
574,571,0.5
574,572,0.5
574,573,0.5
574,574,1
575,570,0.5
575,571,0.5
575,572,0.5
575,573,0.5
575,574,0.5
575,575,1
576,570,0.5
576,571,0.5
576,572,0.5
576,573,0.5
576,574,0.5
576,575,0.5
576,576,1
577,570,0.5
577,571,0.5
577,572,0.5
577,573,0.5
577,574,0.5
577,575,0.5
577,576,0.5
577,577,1
578,570,0.5
578,571,0.5
578,572,0.5
578,573,0.5
578,574,0.5
578,575,0.5
578,576,0.5
578,577,0.5
578,578,1
579,570,0.5
579,571,0.5
579,572,0.5
579,573,0.5
579,574,0.5
579,575,0.5
579,576,0.5
579,577,0.5
579,578,0.5
579,579,1
580,580,1
581,580,0.5
581,581,1
582,580,0.5
582,581,0.5
582,582,1
583,580,0.5
583,581,0.5
583,582,0.5
583,583,1
584,580,0.5
584,581,0.5
584,582,0.5
584,583,0.5
584,584,1
585,580,0.5
585,581,0.5
585,582,0.5
585,583,0.5
585,584,0.5
585,585,1
586,580,0.5
586,581,0.5
586,582,0.5
586,583,0.5
586,584,0.5
586,585,0.5
586,586,1
587,580,0.5
587,581,0.5
587,582,0.5
587,583,0.5
587,584,0.5
587,585,0.5
587,586,0.5
587,587,1
588,580,0.5
588,581,0.5
588,582,0.5
588,583,0.5
588,584,0.5
588,585,0.5
588,586,0.5
588,587,0.5
588,588,1
589,580,0.5
589,581,0.5
589,582,0.5
589,583,0.5
589,584,0.5
589,585,0.5
589,586,0.5
589,587,0.5
589,588,0.5
589,589,1
590,590,1
591,590,0.5
591,591,1
592,590,0.5
592,591,0.5
592,592,1
593,590,0.5
593,591,0.5
593,592,0.5
593,593,1
594,590,0.5
594,591,0.5
594,592,0.5
594,593,0.5
594,594,1
595,590,0.5
595,591,0.5
595,592,0.5
595,593,0.5
595,594,0.5
595,595,1
596,590,0.5
596,591,0.5
596,592,0.5
596,593,0.5
596,594,0.5
596,595,0.5
596,596,1
597,590,0.5
597,591,0.5
597,592,0.5
597,593,0.5
597,594,0.5
597,595,0.5
597,596,0.5
597,597,1
598,590,0.5
598,591,0.5
598,592,0.5
598,593,0.5
598,594,0.5
598,595,0.5
598,596,0.5
598,597,0.5
598,598,1
599,590,0.5
599,591,0.5
599,592,0.5
599,593,0.5
599,594,0.5
599,595,0.5
599,596,0.5
599,597,0.5
599,598,0.5
599,599,1
600,0,0.5
600,1,0.5
600,2,0.5
600,3,0.5
600,4,0.5
600,5,0.5
600,6,0.5
600,7,0.5
600,8,0.5
600,9,0.5
600,600,1
601,10,0.5
601,11,0.5
601,12,0.5
601,13,0.5
601,14,0.5
601,15,0.5
601,16,0.5
601,17,0.5
601,18,0.5
601,19,0.5
601,601,1
602,20,0.5
602,21,0.5
602,22,0.5
602,23,0.5
602,24,0.5
602,25,0.5
602,26,0.5
602,27,0.5
602,28,0.5
602,29,0.5
602,602,1
603,30,0.5
603,31,0.5
603,32,0.5
603,33,0.5
603,34,0.5
603,35,0.5
603,36,0.5
603,37,0.5
603,38,0.5
603,39,0.5
603,603,1
604,40,0.5
604,41,0.5
604,42,0.5
604,43,0.5
604,44,0.5
604,45,0.5
604,46,0.5
604,47,0.5
604,48,0.5
604,49,0.5
604,604,1
605,50,0.5
605,51,0.5
605,52,0.5
605,53,0.5
605,54,0.5
605,55,0.5
605,56,0.5
605,57,0.5
605,58,0.5
605,59,0.5
605,605,1
606,60,0.5
606,61,0.5
606,62,0.5
606,63,0.5
606,64,0.5
606,65,0.5
606,66,0.5
606,67,0.5
606,68,0.5
606,69,0.5
606,606,1
607,70,0.5
607,71,0.5
607,72,0.5
607,73,0.5
607,74,0.5
607,75,0.5
607,76,0.5
607,77,0.5
607,78,0.5
607,79,0.5
607,607,1
608,80,0.5
608,81,0.5
608,82,0.5
608,83,0.5
608,84,0.5
608,85,0.5
608,86,0.5
608,87,0.5
608,88,0.5
608,89,0.5
608,608,1
609,90,0.5
609,91,0.5
609,92,0.5
609,93,0.5
609,94,0.5
609,95,0.5
609,96,0.5
609,97,0.5
609,98,0.5
609,99,0.5
609,609,1
610,100,0.5
610,101,0.5
610,102,0.5
610,103,0.5
610,104,0.5
610,105,0.5
610,106,0.5
610,107,0.5
610,108,0.5
610,109,0.5
610,610,1
611,110,0.5
611,111,0.5
611,112,0.5
611,113,0.5
611,114,0.5
611,115,0.5
611,116,0.5
611,117,0.5
611,118,0.5
611,119,0.5
611,611,1
612,120,0.5
612,121,0.5
612,122,0.5
612,123,0.5
612,124,0.5
612,125,0.5
612,126,0.5
612,127,0.5
612,128,0.5
612,129,0.5
612,612,1
613,130,0.5
613,131,0.5
613,132,0.5
613,133,0.5
613,134,0.5
613,135,0.5
613,136,0.5
613,137,0.5
613,138,0.5
613,139,0.5
613,613,1
614,140,0.5
614,141,0.5
614,142,0.5
614,143,0.5
614,144,0.5
614,145,0.5
614,146,0.5
614,147,0.5
614,148,0.5
614,149,0.5
614,614,1
615,150,0.5
615,151,0.5
615,152,0.5
615,153,0.5
615,154,0.5
615,155,0.5
615,156,0.5
615,157,0.5
615,158,0.5
615,159,0.5
615,615,1
616,160,0.5
616,161,0.5
616,162,0.5
616,163,0.5
616,164,0.5
616,165,0.5
616,166,0.5
616,167,0.5
616,168,0.5
616,169,0.5
616,616,1
617,170,0.5
617,171,0.5
617,172,0.5
617,173,0.5
617,174,0.5
617,175,0.5
617,176,0.5
617,177,0.5
617,178,0.5
617,179,0.5
617,617,1
618,180,0.5
618,181,0.5
618,182,0.5
618,183,0.5
618,184,0.5
618,185,0.5
618,186,0.5
618,187,0.5
618,188,0.5
618,189,0.5
618,618,1
619,190,0.5
619,191,0.5
619,192,0.5
619,193,0.5
619,194,0.5
619,195,0.5
619,196,0.5
619,197,0.5
619,198,0.5
619,199,0.5
619,619,1
620,200,0.5
620,201,0.5
620,202,0.5
620,203,0.5
620,204,0.5
620,205,0.5
620,206,0.5
620,207,0.5
620,208,0.5
620,209,0.5
620,620,1
621,210,0.5
621,211,0.5
621,212,0.5
621,213,0.5
621,214,0.5
621,215,0.5
621,216,0.5
621,217,0.5
621,218,0.5
621,219,0.5
621,621,1
622,220,0.5
622,221,0.5
622,222,0.5
622,223,0.5
622,224,0.5
622,225,0.5
622,226,0.5
622,227,0.5
622,228,0.5
622,229,0.5
622,622,1
623,230,0.5
623,231,0.5
623,232,0.5
623,233,0.5
623,234,0.5
623,235,0.5
623,236,0.5
623,237,0.5
623,238,0.5
623,239,0.5
623,623,1
624,240,0.5
624,241,0.5
624,242,0.5
624,243,0.5
624,244,0.5
624,245,0.5
624,246,0.5
624,247,0.5
624,248,0.5
624,249,0.5
624,624,1
625,250,0.5
625,251,0.5
625,252,0.5
625,253,0.5
625,254,0.5
625,255,0.5
625,256,0.5
625,257,0.5
625,258,0.5
625,259,0.5
625,625,1
626,260,0.5
626,261,0.5
626,262,0.5
626,263,0.5
626,264,0.5
626,265,0.5
626,266,0.5
626,267,0.5
626,268,0.5
626,269,0.5
626,626,1
627,270,0.5
627,271,0.5
627,272,0.5
627,273,0.5
627,274,0.5
627,275,0.5
627,276,0.5
627,277,0.5
627,278,0.5
627,279,0.5
627,627,1
628,280,0.5
628,281,0.5
628,282,0.5
628,283,0.5
628,284,0.5
628,285,0.5
628,286,0.5
628,287,0.5
628,288,0.5
628,289,0.5
628,628,1
629,290,0.5
629,291,0.5
629,292,0.5
629,293,0.5
629,294,0.5
629,295,0.5
629,296,0.5
629,297,0.5
629,298,0.5
629,299,0.5
629,629,1
630,300,0.5
630,301,0.5
630,302,0.5
630,303,0.5
630,304,0.5
630,305,0.5
630,306,0.5
630,307,0.5
630,308,0.5
630,309,0.5
630,630,1
631,310,0.5
631,311,0.5
631,312,0.5
631,313,0.5
631,314,0.5
631,315,0.5
631,316,0.5
631,317,0.5
631,318,0.5
631,319,0.5
631,631,1
632,320,0.5
632,321,0.5
632,322,0.5
632,323,0.5
632,324,0.5
632,325,0.5
632,326,0.5
632,327,0.5
632,328,0.5
632,329,0.5
632,632,1
633,330,0.5
633,331,0.5
633,332,0.5
633,333,0.5
633,334,0.5
633,335,0.5
633,336,0.5
633,337,0.5
633,338,0.5
633,339,0.5
633,633,1
634,340,0.5
634,341,0.5
634,342,0.5
634,343,0.5
634,344,0.5
634,345,0.5
634,346,0.5
634,347,0.5
634,348,0.5
634,349,0.5
634,634,1
635,350,0.5
635,351,0.5
635,352,0.5
635,353,0.5
635,354,0.5
635,355,0.5
635,356,0.5
635,357,0.5
635,358,0.5
635,359,0.5
635,635,1
636,360,0.5
636,361,0.5
636,362,0.5
636,363,0.5
636,364,0.5
636,365,0.5
636,366,0.5
636,367,0.5
636,368,0.5
636,369,0.5
636,636,1
637,370,0.5
637,371,0.5
637,372,0.5
637,373,0.5
637,374,0.5
637,375,0.5
637,376,0.5
637,377,0.5
637,378,0.5
637,379,0.5
637,637,1
638,380,0.5
638,381,0.5
638,382,0.5
638,383,0.5
638,384,0.5
638,385,0.5
638,386,0.5
638,387,0.5
638,388,0.5
638,389,0.5
638,638,1
639,390,0.5
639,391,0.5
639,392,0.5
639,393,0.5
639,394,0.5
639,395,0.5
639,396,0.5
639,397,0.5
639,398,0.5
639,399,0.5
639,639,1
640,400,0.5
640,401,0.5
640,402,0.5
640,403,0.5
640,404,0.5
640,405,0.5
640,406,0.5
640,407,0.5
640,408,0.5
640,409,0.5
640,640,1
641,410,0.5
641,411,0.5
641,412,0.5
641,413,0.5
641,414,0.5
641,415,0.5
641,416,0.5
641,417,0.5
641,418,0.5
641,419,0.5
641,641,1
642,420,0.5
642,421,0.5
642,422,0.5
642,423,0.5
642,424,0.5
642,425,0.5
642,426,0.5
642,427,0.5
642,428,0.5
642,429,0.5
642,642,1
643,430,0.5
643,431,0.5
643,432,0.5
643,433,0.5
643,434,0.5
643,435,0.5
643,436,0.5
643,437,0.5
643,438,0.5
643,439,0.5
643,643,1
644,440,0.5
644,441,0.5
644,442,0.5
644,443,0.5
644,444,0.5
644,445,0.5
644,446,0.5
644,447,0.5
644,448,0.5
644,449,0.5
644,644,1
645,450,0.5
645,451,0.5
645,452,0.5
645,453,0.5
645,454,0.5
645,455,0.5
645,456,0.5
645,457,0.5
645,458,0.5
645,459,0.5
645,645,1
646,460,0.5
646,461,0.5
646,462,0.5
646,463,0.5
646,464,0.5
646,465,0.5
646,466,0.5
646,467,0.5
646,468,0.5
646,469,0.5
646,646,1
647,470,0.5
647,471,0.5
647,472,0.5
647,473,0.5
647,474,0.5
647,475,0.5
647,476,0.5
647,477,0.5
647,478,0.5
647,479,0.5
647,647,1
648,480,0.5
648,481,0.5
648,482,0.5
648,483,0.5
648,484,0.5
648,485,0.5
648,486,0.5
648,487,0.5
648,488,0.5
648,489,0.5
648,648,1
649,490,0.5
649,491,0.5
649,492,0.5
649,493,0.5
649,494,0.5
649,495,0.5
649,496,0.5
649,497,0.5
649,498,0.5
649,499,0.5
649,649,1
650,500,0.5
650,501,0.5
650,502,0.5
650,503,0.5
650,504,0.5
650,505,0.5
650,506,0.5
650,507,0.5
650,508,0.5
650,509,0.5
650,650,1
651,510,0.5
651,511,0.5
651,512,0.5
651,513,0.5
651,514,0.5
651,515,0.5
651,516,0.5
651,517,0.5
651,518,0.5
651,519,0.5
651,651,1
652,520,0.5
652,521,0.5
652,522,0.5
652,523,0.5
652,524,0.5
652,525,0.5
652,526,0.5
652,527,0.5
652,528,0.5
652,529,0.5
652,652,1
653,530,0.5
653,531,0.5
653,532,0.5
653,533,0.5
653,534,0.5
653,535,0.5
653,536,0.5
653,537,0.5
653,538,0.5
653,539,0.5
653,653,1
654,540,0.5
654,541,0.5
654,542,0.5
654,543,0.5
654,544,0.5
654,545,0.5
654,546,0.5
654,547,0.5
654,548,0.5
654,549,0.5
654,654,1
655,550,0.5
655,551,0.5
655,552,0.5
655,553,0.5
655,554,0.5
655,555,0.5
655,556,0.5
655,557,0.5
655,558,0.5
655,559,0.5
655,655,1
656,560,0.5
656,561,0.5
656,562,0.5
656,563,0.5
656,564,0.5
656,565,0.5
656,566,0.5
656,567,0.5
656,568,0.5
656,569,0.5
656,656,1
657,570,0.5
657,571,0.5
657,572,0.5
657,573,0.5
657,574,0.5
657,575,0.5
657,576,0.5
657,577,0.5
657,578,0.5
657,579,0.5
657,657,1
658,580,0.5
658,581,0.5
658,582,0.5
658,583,0.5
658,584,0.5
658,585,0.5
658,586,0.5
658,587,0.5
658,588,0.5
658,589,0.5
658,658,1
659,590,0.5
659,591,0.5
659,592,0.5
659,593,0.5
659,594,0.5
659,595,0.5
659,596,0.5
659,597,0.5
659,598,0.5
659,599,0.5
659,659,1
